<?xml version="1.0"?>
<menus>
	<main>
		<menu name="&amp;File" clean="File" top="1">
			<menu name="&amp;New" hotkey="^N" clean="New"></menu>
			<menu name="&amp;Open" clean="Open" hotkey="^O"></menu>
			<menu name="Open Fol&amp;der" clean="Open_Folder" hotkey="^!D"></menu>
			<menu clean="Close" name="&amp;Close"></menu>
			<menu name="Close All" clean="Close_All" hotkey=""></menu>
			<menu name="&amp;Save" hotkey="^S" clean="Save"></menu>
			<menu clean="Save_As" name="Save &amp;As"></menu>
			<menu name="Export" clean="Export"></menu>
			<separator clean="&lt;Separator&gt;" option="1"></separator>
			<menu name="Remove Scintilla Window" clean="Remove_Scintilla_Window"></menu>
			<menu name="New &amp;Include" clean="New_Include"></menu>
			<menu name="Rename Current Include" clean="Rename_Current_Include"></menu>
			<menu name="Remove Include" clean="Remove_Include"></menu>
			<menu name="&amp;Upload" clean="Upload" option="" plugin="plugins\Upload.ahk"></menu>
			<menu name="&amp;Publish" clean="Publish"></menu>
			<menu name="Delete Project" clean="Delete_Project"></menu>
			<menu name="Pre&amp;vious Scripts" clean="Previous_Scripts"></menu>
			<menu name="Manage File Types" clean="Manage_File_Types"></menu>
			<menu name="E&amp;xit" clean="Exit" hotkey=""></menu></menu>
		<menu name="&amp;Edit" clean="Edit" top="1">
			<menu name="Menus" clean="Menus"></menu>
			<menu name="Edit Hotkeys" clean="Edit_Hotkeys"></menu>
			<menu name="Insert Current Time" clean="Insert_Current_Time"></menu>
			<menu name="&amp;Undo" clean="Undo"></menu>
			<menu name="Increment" clean="Increment" hotkey="^!Up"></menu>
			<menu name="Decrement" clean="Decrement" hotkey="^!Down"></menu>
			<menu name="Red&amp;o" clean="Redo"></menu>
			<menu name="Cut" clean="Cut" hotkey="^X"></menu>
			<menu name="Copy" clean="Copy" hotkey="^C"></menu>
			<menu name="Paste" clean="Paste" hotkey="^V"></menu>
			<menu name="Add Selected To Personal Variables" clean="Add_Selected_To_Personal_Variables"></menu>
			<menu name="&amp;Duplicate Line" hotkey="F2" clean="Duplicate_Line"></menu>
			<menu name="Delete Line" clean="Delete_Line" hotkey="+F2"></menu>
			<menu name="Select Next Duplicate" clean="Select_Next_Duplicate" hotkey="+^F3"></menu>
			<menu name="Replace &amp;Selected" clean="Replace_Selected"></menu>
			<menu name="Ed&amp;it Replacements" clean="Edit_Replacements"></menu>
			<menu name="Create Include From Selection" hotkey="+^n" clean="Create_Include_From_Selection"></menu>
			<menu name="New Include From Current Word" clean="New_Include_From_Current_Word"></menu>
			<menu name="Togg&amp;le Comment Line" hotkey="^J" clean="Toggle_Comment_Line"></menu>
			<menu name="Edit Proxy Server" clean="Edit_Proxy_Server"></menu>
			<menu name="Fi&amp;x Indent" clean="Fix_Indent"></menu>
			<menu clean="Spacing" name="Spacing" top="1">
				<menu name="Add Space After Commas" clean="Add_Space_After_Commas" option="ac" plugin="plugins\Add Spaces.ahk"></menu>
				<menu name="Add Space Before And After Commas" clean="Add_Space_Before_And_After_Commas" option="baa" plugin="plugins\Add Spaces.ahk"></menu>
				<menu name="Add Space Before Commas" clean="Add_Space_Before_Commas" option="bc" plugin="plugins\Add Spaces.ahk"></menu>
				<menu name="Remove Spaces From Selected" hotkey="^!u" clean="Remove_Spaces_From_Selected"></menu>
				<menu name="Remove Spaces From Around Commas" clean="Remove_Spaces_From_Around_Commas" hotkey="!^E" option="rsfac" plugin="plugins\Add Spaces.ahk"></menu></menu>
			<menu clean="Folding" name="Folding" top="1">
				<menu clean="Fold_All" name="Fold All" option="all" plugin="plugins\Fold.ahk"></menu>
				<menu clean="Fold_Current_Level" name="Fold Current Level" option="fc" plugin="plugins\Fold.ahk"></menu>
				<menu clean="Fold_Level_X" name="Fold Level X" option="fx" plugin="plugins\Fold.ahk"></menu>
				<menu clean="Unfold_All" name="Unfold All" option="ua" plugin="plugins\Fold.ahk"></menu>
				<menu clean="Unfold_Current_Level" name="Unfold Current Level" option="uc" plugin="plugins\Fold.ahk"></menu>
				<menu clean="Unfold_Level_X" name="Unfold Level X" option="ux" plugin="plugins\Fold.ahk"></menu></menu></menu>
		<menu clean="Search" name="&amp;Search" top="1">
			<menu name="Scintilla Control" clean="Scintilla_Control"></menu>
			<menu name="&amp;Find" clean="Find" hotkey="^F"></menu>
			<menu name="&amp;Next Found" hotkey="F3" clean="Next_Found"></menu>
			<menu name="Previous Found" hotkey="+F3" clean="Previous_Found"></menu>
			<menu clean="Find_Replace" hotkey="^H" name="Find Replace"></menu>
			<menu name="Words In Document" clean="Words_In_Document" hotkey="^W"></menu>
			<menu clean="Go_To_Line" hotkey="^G" name="Go To Line"></menu>
			<menu name="&amp;Quick Find" hotkey="!q" clean="Quick_Find"></menu>
			<menu name="&amp;Jump to Include" clean="Jump_to_Include"></menu>
			<menu name="Jump to Proj&amp;ect" clean="Jump_to_Project" hotkey="!^S"></menu>
			<menu clean="Jump_To" name="Jump To" top="1">
				<menu clean="Jump_To_Class" name="Jump To Class"></menu>
				<menu clean="Jump_To_First_Available" name="Jump To First Available" hotkey="!F1"></menu>
				<menu clean="Jump_To_Function" name="Jump To Function"></menu>
				<menu clean="Jump_To_Include" name="Jump To Include" hotkey="+^i"></menu>
				<menu clean="Jump_To_Label" name="Jump To Label"></menu>
				<menu clean="Jump_To_Method" name="Jump To Method"></menu>
				<menu clean="Jump_To_Matching_Brace" name="Jump To Matching Brace"></menu></menu>
			<menu clean="Omni-Search" name="Omni-Search" top="1">
				<menu clean="Add_Function_Call" name="Add Function Call" hotkey="^="></menu>
				<menu clean="Bookmark_Search" name="Bookmark Search" hotkey="+^3"></menu>
				<menu name="Class Search" hotkey="^!C" clean="Class_Search"></menu>
				<menu name="File Search" hotkey="!J" clean="File_Search"></menu>
				<menu name="Function Search" clean="Function_Search" hotkey="+^9"></menu>
				<menu name="Hotkey Search" hotkey="+^7" clean="Hotkey_Search"></menu>
				<menu name="Instance Search" clean="Instance_Search"></menu>
				<menu name="Menu Search" hotkey="!M" clean="Menu_Search"></menu>
				<menu name="Method Search" hotkey="^!M" clean="Method_Search"></menu>
				<menu name="Omni Search" hotkey="^!O" clean="Omni_Search"></menu>
				<menu name="Property Search" clean="Property_Search"></menu>
				<menu name="Search Label" clean="Search_Label" hotkey="+^;"></menu>
				<menu name="Variable Search" clean="Variable_Search"></menu></menu></menu>
		<menu name="&amp;Tools" clean="Tools" top="1">
			<menu name="Add Selected To Project Specific AutoComplete" clean="Add_Selected_To_Project_Specific_AutoComplete"></menu>
			<menu name="Project Specific AutoComplete" clean="Project_Specific_AutoComplete"></menu>
			<menu name="Co&amp;mpile" clean="Compile" hotkey="^F7"></menu>
			<menu clean="Debug" name="Debug" top="1">
				<menu name="Debug Current Script" clean="Debug_Current_Script" hotkey="^D" option="" plugin="plugins\Debug Current Script.ahk"></menu>
				<menu name="Stop Debugger" clean="Stop_Debugger"></menu>
				<menu name="Run Program" clean="Run_Program" hotkey="!e"></menu>
				<menu clean="Step_Into" name="Step Into"></menu>
				<menu clean="Step_Out" name="Step Out"></menu>
				<menu clean="Step_Over" name="Step Over"></menu>
				<menu name="List Variables" clean="List_Variables"></menu>
				<menu name="Auto Variable Browser" clean="Auto_Variable_Browser"></menu>
				<menu clean="Focus_Studio_On_Debug_Breakpoint" name="Focus Studio On Debug Breakpoint"></menu></menu>
			<menu name="&amp;Run" clean="Run" hotkey="!r"></menu>
			<menu clean="Kill_Process" name="Kill Process"></menu>
			<menu name="Run Se&amp;lected Text" clean="Run_Selected_Text" option="" plugin="plugins\Run Selected Text.ahk"></menu>
			<menu clean="Run_Comment_Block" name="Run Comment Block" hotkey="!^V" option="" plugin="plugins\Run Comment Block.ahk"></menu>
			<menu clean="Run_As" name="Run As" top="1">
				<menu name="Run As Ansii" clean="Run_As_Ansii" hotkey="^!A"></menu>
				<menu name="Run As U32" clean="Run_As_U32"></menu>
				<menu name="Run As U64" clean="Run_As_U64"></menu></menu>
			<menu clean="Backup_and_Restore" name="Backup and Restore" top="1">
				<menu name="One Backup" clean="One_Backup" hotkey="+^O"></menu>
				<menu name="&amp;Full Backup" clean="Full_Backup"></menu>
				<menu name="&amp;Restore Current File" clean="Restore_Current_File" option="" plugin="plugins\Restore Current File.ahk"></menu></menu>
			<menu clean="Bookmarks" name="Bookmarks" top="1">
				<menu clean="Manage_Bookmarks" name="Manage Bookmarks" hotkey="^M" option="mb" plugin="plugins\BookMarks.ahk"></menu>
				<menu clean="Add_Bookmark" name="Add Bookmark" hotkey="^B" option="ab" plugin="plugins\BookMarks.ahk"></menu>
				<menu clean="Delete_Bookmark" name="Delete Bookmark" option="db" plugin="plugins\BookMarks.ahk"></menu>
				<menu clean="Edit_Custom_Bookmark" name="Edit Custom Bookmark" option="ecb" plugin="plugins\BookMarks.ahk"></menu>
				<menu clean="Jump_To_Next_Bookmark" name="Jump To Next Bookmark" hotkey="^!RIGHT" option="jtnb" plugin="plugins\BookMarks.ahk"></menu>
				<menu clean="Jump_To_Previous_Bookmark" name="Jump To Previous Bookmark" hotkey="^!LEFT" option="jtpb" plugin="plugins\BookMarks.ahk"></menu></menu>
			<menu clean="Plugins" name="P&amp;lugins" top="1">
				<menu name="Download Plugins" clean="Download_Plugins"></menu>
				<menu clean="Test_Plugin" name="Test Plugin" hotkey="!t"></menu>
				<separator clean="&lt;Separator&gt;"></separator>
				<menu clean="Additional_Publish" hotkey="" name="Additional Publish" option="" plugin="plugins\Additional Publish.ahk"></menu>
				<menu clean="Backup" hotkey="" name="Backup" option="" plugin="plugins\Backup.ahk"></menu>
				<menu clean="Camel" hotkey="" name="Camel" option="" plugin="plugins\Camel.ahk"></menu>
				<menu clean="Clean_Position_Data" hotkey="" name="Clean Position Data" option="" plugin="plugins\Clean Position Data.ahk"></menu>
				<menu clean="Compile_Using_Unicode_32" hotkey="" name="Compile Using Unicode 32" option="" plugin="plugins\Compile Using Unicode 32.ahk"></menu>
				<menu clean="Toggle_Fold_All" hotkey="" name="Toggle Fold All" option="tfa" plugin="plugins\Fold.ahk"></menu>
				<menu clean="Toggle_Fold" hotkey="" name="Toggle Fold" option="tf" plugin="plugins\Fold.ahk"></menu>
				<menu clean="Increment_Selected" hotkey="" name="Increment Selected" option="" plugin="plugins\Increment Selected.ahk"></menu>
				<menu clean="Make_One_Line" hotkey="" name="Make One Line" option="" plugin="plugins\Make One Line.ahk"></menu>
				<menu clean="Mark_All_Files_For_Update" hotkey="" name="Mark All Files For Update" option="" plugin="plugins\Mark All Files For Update.ahk"></menu>
				<menu clean="Paste_To_p.ahkscript.org" hotkey="" name="Paste To p.ahkscript.org" option="" plugin="plugins\Paste Script.ahk"></menu>
				<menu clean="Paste_Clipboard" hotkey="" name="Paste Clipboard" option="Clipboard" plugin="plugins\Paste Script.ahk"></menu>
				<menu clean="Remove_Blank_Lines" hotkey="" name="Remove Blank Lines" option="" plugin="plugins\Remove Blank Lines.ahk"></menu>
				<menu clean="Remove_Comments" hotkey="" name="Remove Comments" option="" plugin="plugins\Remove Comments.ahk"></menu>
				<menu clean="Run_Current_Include" hotkey="" name="Run Current Include" option="Include" plugin="plugins\Run Selected Text.ahk"></menu>
				<menu clean="Split_Line_By_Comma" hotkey="" name="Split Line By Comma" option="" plugin="plugins\Split By Comma.ahk"></menu>
				<menu clean="Toggle_Fullscreen" hotkey="" name="Toggle Fullscreen" option="" plugin="plugins\Toggle Fullscreen.ahk"></menu>
				<menu clean="Update_Repository" hotkey="" name="Update Repository" option="" plugin="plugins\Update Repository.ahk"></menu></menu>
			<menu clean="Custom_Commands" hotkey="" name="Custom Commands" option="" plugin="plugins\Custom Commands.ahk"></menu>
			<menu name="Personal &amp;Variable List" clean="Personal_Variable_List"></menu>
			<menu name="Code &amp;Vault" clean="Code_Vault" hotkey="+^F1" option="" plugin="plugins\Code Vault.ahk"></menu>
			<menu name="Ms&amp;gBox Creator" clean="MsgBox_Creator" option="" plugin="plugins\MsgBox Creator.ahk"></menu>
			<menu name="Github Repository" hotkey="!^G" clean="Github_Repository" option="" plugin="plugins\Github Repository.ahk"></menu>
			<menu name="Update Github Info" clean="Update_Github_Info"></menu>
			<menu name="Post &amp;All In One Gist" clean="Post_All_In_One_Gist" no="1" delete="1"></menu>
			<menu name="Post &amp;Multiple Include Gist" clean="Post_Multiple_Include_Gist" no="1" delete="1"></menu>
			<menu name="Auto Insert" clean="Auto_Insert" hide="1" option="" plugin="plugins\Auto Insert.ahk"></menu>
			<menu clean="Settings" name="Settings" option=""></menu>
			<menu clean="FTP_Servers" name="FT&amp;P Servers" option="" plugin="plugins\Ftp Servers.ahk"></menu>
			<menu clean="Google_Search_Selected" name="Google Search Selected"></menu></menu>
		<menu name="O&amp;ptions" clean="Options" top="1">
			<menu name="&amp;Word Wrap" clean="Word_Wrap" option="1"></menu>
			<menu name="Word Wrap Indicators" clean="Word_Wrap_Indicators" option="1"></menu>
			<menu name="Context Sensitive Help" clean="Context_Sensitive_Help"></menu>
			<menu name="&amp;Auto Indent" clean="Auto_Indent" top="1">
				<menu name="Auto Indent Comment Lines" clean="Auto_Indent_Comment_Lines"></menu>
				<menu name="&amp;Full Auto Indentation" clean="Full_Auto_Indentation"></menu></menu>
			<menu name="Virtual Space" clean="Virtual_Space" option="1"></menu>
			<menu name="Set &amp;As Default Editor" clean="Set_As_Default_Editor"></menu>
			<menu clean="New_File_Template" name="New File Template"></menu>
			<menu clean="Default_Project_Folder" name="Default Project Folder"></menu>
			<menu name="Tab Width" clean="Tab_Width"></menu>
			<menu name="&amp;Theme" clean="Theme" option="" plugin="plugins\Theme.ahk"></menu>
			<menu name="Margin Left" clean="Margin_Left"></menu>
			<menu name="Q&amp;uick Find Settings" clean="Quick_Find_Settings" top="1">
				<menu name="&amp;Case Sensitive" clean="Case_Sensitive"></menu>
				<menu name="Cle&amp;ar Selection" clean="Clear_Selection" hotkey="^F2"></menu>
				<menu name="Greed" clean="Greed" hotkey="!G"></menu>
				<menu name="Multi Line" clean="Multi_Line"></menu>
				<menu name="&amp;Regex" clean="Regex" hotkey="^!r"></menu>
				<menu name="Copy Selected Text on Quick Find" clean="Copy_Selected_Text_on_Quick_Find"></menu>
				<menu name="&amp;Set Selection" clean="Set_Selection" hotkey="^F1"></menu></menu>
			<menu clean="Formatting_Options" name="Formatting Options" option="1" top="1">
				<menu name="Edit Comment Insert" clean="Edit_Comment_Insert" option="1"></menu>
				<menu name="Auto Space After Comma" clean="Auto_Space_After_Comma" option="1"></menu>
				<menu name="Auto Space Before Comma" clean="Auto_Space_Before_Comma" option="1"></menu>
				<menu name="Autocomplete Enter Newline" clean="Autocomplete_Enter_Newline" option="1"></menu>
				<menu name="Build Comment" clean="Build_Comment" option="1"></menu>
				<menu name="Center Caret" clean="Center_Caret" option="1"></menu>
				<menu clean="Hide_Indentation_Guides" name="Hide Indentation Guides" option="1"></menu>
				<menu name="Highlight Current Area" clean="Highlight_Current_Area" option="1"></menu>
				<menu clean="Includes_In_Place" name="Includes In Place" option="1"></menu>
				<menu name="Manual Continuation Line" clean="Manual_Continuation_Line" option="1"></menu>
				<menu clean="Shift_Breakpoint" name="Shift Breakpoint" option="1"></menu>
				<menu name="Show Caret Line" clean="Show_Caret_Line" option="1"></menu>
				<menu name="Show EOL" clean="Show_EOL" option="1"></menu>
				<menu name="Show WhiteSpace" clean="Show_WhiteSpace" option="1"></menu>
				<menu name="Auto Complete" clean="Auto_Complete" option="1"></menu>
				<menu name="Inline Brace" clean="Inline_Brace"></menu>
				<menu name="Auto Complete In Quotes" clean="Auto_Complete_In_Quotes" option="1"></menu>
				<menu name="Auto Complete While Tips Are Visible" clean="Auto_Complete_While_Tips_Are_Visible" option="1"></menu>
				<menu clean="Disable_Auto_Indent_For_Non_Ahk_Files" name="Disable Auto Indent For Non Ahk Files" option="1"></menu>
				<menu name="Disable Auto Insert Complete" clean="Disable_Auto_Insert_Complete" option="1"></menu></menu>
			<menu clean="Program_Options" name="Program Options" option="1" top="1">
				<menu clean="Run_As_Admin" name="Run As Admin" option="1"></menu>
				<menu name="Warn Overwrite On Export" clean="Warn_Overwrite_On_Export" option="1"></menu>
				<menu clean="Custom_Version" name="Custom Version"></menu>
				<menu clean="Hide_Tray_Icon" name="Hide Tray Icon"></menu>
				<menu clean="Reset_Zoom" name="Reset Zoom"></menu>
				<menu name="Small &amp;Icons" clean="Small_Icons" option="1"></menu>
				<menu clean="Top_Find" name="Top Find" option="1"></menu>
				<menu clean="Proxy_Settings" name="Proxy Settings" no="1" delete="1"></menu>
				<menu clean="Disable_Autosave" name="Disable Autosave" option="1"></menu>
				<menu clean="Disable_Backup" name="Disable Backup" option="1"></menu>
				<menu name="Disable Include Dialog" clean="Disable_Include_Dialog" option="1"></menu>
				<menu name="Disable Line Status" clean="Disable_Line_Status" option="1"></menu>
				<menu clean="Disable_Variable_List" name="Disable Variable List" option="1"></menu>
				<menu name="Enable Close On Save" clean="Enable_Close_On_Save" option="1"></menu>
				<menu name="Full Backup All Files" clean="Full_Backup_All_Files" option="1"></menu>
				<menu name="Check For Edited Files On Focus" clean="Check_For_Edited_Files_On_Focus" option="1"></menu>
				<menu clean="Auto_Check_For_Update_On_Startup" name="Auto Check For Update On Startup" option="1"></menu>
				<menu name="Add Margins To Windows" clean="Add_Margins_To_Windows" option="1"></menu>
				<menu name="Hide Vertical Scrollbars" clean="Hide_Vertical_Scrollbars" option="1"></menu>
				<menu name="Hide Horizontal Scrollbars" clean="Hide_Horizontal_Scrollbars" option="1"></menu>
				<menu name="Disable Auto Advance" clean="Disable_Auto_Advance" option="1"></menu>
				<menu clean="Auto_Close_Find" name="Auto Close Find" option="1"></menu>
				<menu clean="Omni_Search_Stats" name="Omni Search Stats" option="1"></menu>
				<menu clean="Match_Any_Word" name="Match Any Word"></menu>
				<menu clean="Verbose_Debug_Window" name="Verbose Debug Window"></menu>
				<menu clean="Select_Current_Debug_Line" name="Select_Current Debug Line"></menu>
				<menu clean="Global_Debug_Hotkeys" name="Global Debug Hotkeys"></menu>
				<menu clean="Smart_Delete" name="Smart Delete"></menu>
				<menu name="Auto Set Area On Quick Find" clean="Auto_Set_Area_On_Quick_Find" option="1"></menu></menu>
			<menu clean="Explorer_Menu_Options" name="Explorer Menu Options" option="1" top="1">
				<menu name="Full Tree" clean="Full_Tree" option="1"></menu>
				<menu name="Hide File Extensions" clean="Hide_File_Extensions" option="1"></menu>
				<menu clean="Disable_Folders_In_Project_Explorer" name="Disable Folders In Project Explorer" option="1"></menu></menu>
			<menu clean="New_File_Dialog" name="New File Dialog"></menu>
			<menu clean="Clipboard_History" name="Clipboard History"></menu>
			<menu clean="Disable_Compile_AHK" name="Disable Compile AHK"></menu>
			<menu clean="OSD" name="OSD"></menu>
			<menu clean="Quick_Options" name="Quick Options"></menu></menu>
		<menu name="Fo&amp;rmat" clean="Format" top="1">
			<menu clean="Align_Selected_Text" hotkey="" name="Align Selected Text" option="" plugin="plugins\Align Selected Text.ahk"></menu>
			<menu name="Clear Line Status" clean="Clear_Line_Status"></menu>
			<menu name="Remove Current Selection" hotkey="^F3" clean="Remove_Current_Selection"></menu>
			<menu name="Move Selected Lines Down" hotkey="+^DOWN" clean="Move_Selected_Lines_Down"></menu>
			<menu name="Move Selected Lines Up" hotkey="+^UP" clean="Move_Selected_Lines_Up"></menu>
			<menu name="S&amp;ort Selected" clean="Sort_Selected" option="" plugin="plugins\Sort Selected.ahk"></menu>
			<menu name="Split Code" clean="Split_Code" option="" plugin="plugins\Split Code.ahk"></menu>
			<menu name="Delete Matching Brace" clean="Delete_Matching_Brace" hotkey="+^DELETE"></menu>
			<menu clean="End_Document_At_Last_Line" name="End Document At Last Line"></menu>
			<menu clean="RemoveSpacesFromAroundCommas" hotkey="" name="RemoveSpacesFromAroundCommas" option="rsfac" plugin="plugins\Add Spaces.ahk"></menu>
			<menu clean="Move_Selected_Word_Right" hotkey="+!Right" name="Move Selected Word Right"></menu>
			<menu clean="Wrap_Word_In_Quotes" name="Wrap Word In Quotes"></menu>
			<menu clean="Move_Selected_Word_Left" hotkey="+!Left" name="Move Selected Word Left"></menu></menu>
		<menu name="&amp;Commands" clean="Commands" top="1">
			<menu name="Toggle &amp;Multiple Line Comment" hotkey="+F1" clean="Toggle_Multiple_Line_Comment"></menu>
			<menu name="Select Current Word" clean="Select_Current_Word"></menu>
			<menu name="Quick Scintilla Code Lookup" hotkey="+ESCAPE" clean="Quick_Scintilla_Code_Lookup"></menu>
			<menu name="&amp;Scintilla Code Lookup" hotkey="F6" clean="Scintilla_Code_Lookup"></menu>
			<menu name="Insert Code Vault Text" clean="Insert_Code_Vault_Text" hotkey="+^ESCAPE" no="1" delete="1"></menu>
			<menu name="New Caret Above" clean="New_Caret_Above" hotkey="+^!Up"></menu>
			<menu name="New Caret Below" clean="New_Caret_Below" hotkey="+^!Down"></menu>
			<menu name="Clear Clipboard History" clean="Clear_Clipboard_History" no="1" delete="1"></menu></menu>
		<menu name="&amp;Navigate" clean="Navigate" top="1">
			<menu name="Next File" hotkey="+!DOWN" clean="Next_File"></menu>
			<menu name="Previous File" hotkey="+!UP" clean="Previous_File"></menu>
			<menu name="Previous Project" hotkey="^PgUp" clean="Previous_Project"></menu>
			<menu name="Next Project" hotkey="^PgDn" clean="Next_Project"></menu>
			<menu clean="Back" name="Back" hotkey="!LEFT"></menu>
			<menu clean="Forward" name="Forward" hotkey="!RIGHT"></menu>
			<menu name="Highlight to Matching Brace" clean="Highlight_to_Matching_Brace" hotkey="^!M"></menu>
			<menu name="Tab To Next Comma" clean="Tab_To_Next_Comma" hotkey="^TAB"></menu>
			<menu name="Tab To Previous Comma" clean="Tab_To_Previous_Comma" hotkey="+^TAB"></menu></menu>
		<menu name="&amp;View" clean="View" top="1">
			<menu name="Refresh" clean="Refresh" top="1">
				<menu name="Index Current File" clean="Index_Current_File" hotkey="F5" no="1" delete="1"></menu>
				<menu name="Refresh Code Explorer" clean="Refresh_Code_Explorer"></menu>
				<menu clean="Refresh_Variable_List" name="Refresh Variable List" no="1" delete="1"></menu>
				<menu clean="Index_Lib_Files" name="Index Lib Files"></menu>
				<menu name="Refresh Current Project" clean="Refresh_Current_Project" no="1" delete="1"></menu>
				<menu name="Refresh Project Explorer" clean="Refresh_Project_Explorer"></menu>
				<menu name="Refresh Plugins" clean="Refresh_Plugins"></menu></menu>
			<menu clean="Display_Classes" name="Display Classes"></menu>
			<menu clean="Auto_Expand_Includes" name="Auto Expand Includes"></menu>
			<menu clean="Display_Clipboard_History" name="Display Clipboard History" no="1" delete="1"></menu>
			<menu name="Display Functions" clean="Display_Functions" hotkey="!I"></menu>
			<menu name="Sho&amp;w Scintilla Code In Line" hotkey="F4" clean="Show_Scintilla_Code_In_Line"></menu>
			<menu name="Switch Focus" clean="Switch_Focus" hotkey="^SPACE"></menu></menu>
		<menu name="&amp;Help" clean="Help" top="1">
			<menu name="Command Help" hotkey="F1" clean="Command_Help"></menu>
			<menu clean="Menu_Help" name="Menu Help" option="" plugin="plugins\Menu Help.ahk"></menu>
			<menu clean="Online_Help" name="Online Help"></menu>
			<menu name="Chec&amp;k For Update" clean="Check_For_Update" hotkey="" option=""></menu>
			<menu clean="Donate" name="Donate"></menu>
			<menu clean="Report_Bugs" name="Report Bugs"></menu>
			<menu clean="Display_Hotkeys" name="Display Hotkeys"></menu>
			<menu name="Misc" clean="Misc" top="1">
				<menu clean="Compile_Ahk_Studio" name="Compile Ahk Studio"></menu>
				<menu clean="Download_Ahk_Studio_Source" name="Download Ahk Studio Source"></menu>
				<menu name="&amp;Forum" clean="Forum"></menu>
				<menu name="&amp;Social" clean="Social" no="1" delete="1"></menu>
				<menu clean="Testing" name="Testing" hotkey="^K"></menu></menu>
			<menu name="&amp;About" clean="About"></menu></menu>
		<menu clean="Plugin" name="P&amp;lugin" no="1" delete="1" top="1">
			<menu clean="Ftp_Servers" hotkey="" name="Ftp Servers" option="" plugin="plugins\Ftp Servers.ahk" top="1"></menu></menu>
	</main>
	<date>20170314100037</date>
</menus>
